countyfips,date,revenue_all,merchants_all,new_case_count,yearmonth
11001,2020-01-11,0.0302,-0.0357,0.0,202001
11001,2020-01-18,0.0518,0.0258,0.0,202001
11001,2020-01-25,-0.0529,0.00518,0.0,202001
11001,2020-02-01,-0.0164,0.00889,0.0,202002
11001,2020-02-08,0.018000000000000002,0.004379999999999999,0.0,202002
11001,2020-02-15,0.0121,-0.0523,0.0,202002
11001,2020-02-22,-0.0134,0.0458,0.0,202002
11001,2020-02-29,-0.183,-0.0819,0.0,202002
11001,2020-03-07,-0.0938,-0.0691,0.0,202003
11001,2020-03-14,-0.364,-0.11699999999999999,1.5714285714285714,202003
11001,2020-03-21,-0.545,-0.308,5.0,202003
11001,2020-03-28,-0.75,-0.44799999999999995,21.142857142857142,202003
11001,2020-04-04,-0.794,-0.49700000000000005,57.142857142857146,202004
11001,2020-04-11,-0.664,-0.514,113.57142857142857,202004
11001,2020-04-18,-0.657,-0.49700000000000005,119.85714285714286,202004
11001,2020-04-25,-0.634,-0.499,143.57142857142858,202004
11001,2020-05-02,-0.644,-0.469,142.85714285714286,202005
11001,2020-05-09,-0.638,-0.47200000000000003,184.0,202005
11001,2020-05-16,-0.634,-0.47700000000000004,158.14285714285714,202005
11001,2020-05-23,-0.613,-0.45299999999999996,135.71428571428572,202005
11001,2020-05-30,-0.639,-0.46299999999999997,118.28571428571429,202005
11001,2020-06-06,-0.644,-0.48100000000000004,88.28571428571429,202006
11001,2020-06-13,-0.622,-0.469,72.14285714285714,202006
11001,2020-06-20,-0.5770000000000001,-0.433,48.714285714285715,202006
11001,2020-06-27,-0.648,-0.395,36.42857142857143,202006
11001,2020-07-04,-0.52,-0.355,33.57142857142857,202007
11001,2020-07-11,-0.53,-0.389,39.42857142857143,202007
11001,2020-07-18,-0.5920000000000001,-0.39299999999999996,54.714285714285715,202007
11001,2020-07-25,-0.578,-0.397,69.14285714285714,202007
11001,2020-08-01,-0.623,-0.38799999999999996,70.85714285714286,202008
11001,2020-08-08,-0.61,-0.41100000000000003,65.71428571428571,202008
11001,2020-08-15,-0.574,-0.402,72.0,202008
11001,2020-08-22,-0.5720000000000001,-0.406,58.57142857142857,202008
11001,2020-08-29,-0.55,-0.405,53.57142857142857,202008
11001,2020-09-05,-0.539,-0.387,49.714285714285715,202009
11001,2020-09-12,-0.5820000000000001,-0.413,44.285714285714285,202009
11001,2020-09-19,-0.528,-0.408,48.714285714285715,202009
11001,2020-09-26,-0.56,-0.423,47.0,202009
11001,2020-10-03,-0.607,-0.41100000000000003,38.857142857142854,202010
11001,2020-10-10,-0.599,-0.42,51.857142857142854,202010
11001,2020-10-17,-0.56,-0.401,61.42857142857143,202010
11001,2020-10-24,-0.5770000000000001,-0.44299999999999995,53.0,202010
11001,2020-10-31,-0.564,-0.43799999999999994,69.14285714285714,202010
11001,2020-11-07,-0.603,-0.456,88.85714285714286,202011
11001,2020-11-14,-0.595,-0.446,108.85714285714286,202011
11001,2020-11-21,-0.623,-0.44799999999999995,155.71428571428572,202011
11001,2020-11-28,-0.635,-0.46299999999999997,164.85714285714286,202011
11001,2020-12-05,-0.597,-0.452,197.57142857142858,202012
11001,2020-12-12,-0.66,-0.452,264.14285714285717,202012
11001,2020-12-19,-0.5870000000000001,-0.45899999999999996,247.71428571428572,202012
11001,2020-12-26,-0.5379999999999999,-0.408,222.71428571428572,202012
11001,2021-01-16,-0.62,-0.469,299.42857142857144,202101
11001,2021-01-23,-0.627,-0.519,261.85714285714283,202101
11001,2021-01-30,-0.612,-0.47100000000000003,213.0,202101
24009,2020-01-11,0.0136,0.0023,0.0,202001
24009,2020-01-18,0.0502,-0.0132,0.0,202001
24009,2020-01-25,-0.0648,-0.0030800000000000003,0.0,202001
24009,2020-02-01,-0.0107,-0.0448,0.0,202002
24009,2020-02-08,0.133,0.00252,0.0,202002
24009,2020-02-15,-0.0886,-0.0612,0.0,202002
24009,2020-02-22,0.0193,0.0219,0.0,202002
24009,2020-02-29,-0.0695,-0.0261,0.0,202002
24009,2020-03-07,0.0243,-0.0235,0.0,202003
24009,2020-03-14,-0.168,-0.0615,0.0,202003
24009,2020-03-21,-0.264,-0.182,0.0,202003
24009,2020-03-28,-0.48,-0.33899999999999997,0.42857142857142855,202003
24009,2020-04-04,-0.434,-0.38799999999999996,2.142857142857143,202004
24009,2020-04-11,-0.284,-0.41,5.285714285714286,202004
24009,2020-04-18,-0.456,-0.397,6.285714285714286,202004
24009,2020-04-25,-0.41,-0.406,2.5714285714285716,202004
24009,2020-05-02,-0.42700000000000005,-0.385,3.5714285714285716,202005
24009,2020-05-09,-0.47,-0.377,5.142857142857143,202005
24009,2020-05-16,-0.34600000000000003,-0.322,5.0,202005
24009,2020-05-23,-0.249,-0.304,6.857142857142857,202005
24009,2020-05-30,-0.314,-0.355,7.142857142857143,202005
24009,2020-06-06,-0.259,-0.363,4.714285714285714,202006
24009,2020-06-13,-0.379,-0.31,2.142857142857143,202006
24009,2020-06-20,-0.18,-0.29600000000000004,2.5714285714285716,202006
24009,2020-06-27,-0.23800000000000002,-0.281,2.7142857142857144,202006
24009,2020-07-04,-0.214,-0.263,2.0,202007
24009,2020-07-11,-0.196,-0.264,2.0,202007
24009,2020-07-18,-0.282,-0.247,4.857142857142857,202007
24009,2020-07-25,-0.314,-0.268,5.714285714285714,202007
24009,2020-08-01,-0.28800000000000003,-0.27699999999999997,8.428571428571429,202008
24009,2020-08-08,-0.319,-0.35,12.857142857142858,202008
24009,2020-08-15,-0.36,-0.327,8.714285714285714,202008
24009,2020-08-22,-0.355,-0.33,4.857142857142857,202008
24009,2020-08-29,-0.439,-0.34700000000000003,2.857142857142857,202008
24009,2020-09-05,-0.268,-0.336,3.7142857142857144,202009
24009,2020-09-12,-0.297,-0.317,5.857142857142857,202009
24009,2020-09-19,-0.267,-0.33899999999999997,7.142857142857143,202009
24009,2020-09-26,-0.308,-0.293,5.142857142857143,202009
24009,2020-10-03,-0.28,-0.278,7.0,202010
24009,2020-10-10,-0.23399999999999999,-0.32899999999999996,8.428571428571429,202010
24009,2020-10-17,-0.47,-0.317,7.714285714285714,202010
24009,2020-10-24,-0.384,-0.33,7.857142857142857,202010
24009,2020-10-31,-0.33899999999999997,-0.287,6.285714285714286,202010
24009,2020-11-07,-0.3,-0.317,7.571428571428571,202011
24009,2020-11-14,-0.261,-0.28800000000000003,10.142857142857142,202011
24009,2020-11-21,-0.31,-0.281,14.285714285714286,202011
24009,2020-11-28,-0.447,-0.295,14.857142857142858,202011
24009,2020-12-05,-0.33299999999999996,-0.305,18.142857142857142,202012
24009,2020-12-12,-0.34,-0.275,21.285714285714285,202012
24009,2020-12-19,-0.447,-0.32299999999999995,19.571428571428573,202012
24009,2020-12-26,-0.239,-0.217,18.714285714285715,202012
24009,2021-01-16,-0.0866,-0.266,52.142857142857146,202101
24009,2021-01-23,-0.255,-0.308,42.57142857142857,202101
24009,2021-01-30,-0.27899999999999997,-0.303,28.285714285714285,202101
24017,2020-01-11,0.081,-0.0238,0.0,202001
24017,2020-01-18,-0.0426,0.0444,0.0,202001
24017,2020-01-25,-0.0516,-0.0231,0.0,202001
24017,2020-02-01,-0.13,-0.0637,0.0,202002
24017,2020-02-08,-0.107,-0.0233,0.0,202002
24017,2020-02-15,0.135,-0.021,0.0,202002
24017,2020-02-22,0.0449,0.0917,0.0,202002
24017,2020-02-29,-0.18899999999999997,-0.0188,0.0,202002
24017,2020-03-07,-0.0864,-0.0251,0.0,202003
24017,2020-03-14,-0.27399999999999997,-0.0341,0.0,202003
24017,2020-03-21,-0.45799999999999996,-0.19399999999999998,0.0,202003
24017,2020-03-28,-0.564,-0.418,1.2857142857142858,202003
24017,2020-04-04,-0.637,-0.44799999999999995,6.857142857142857,202004
24017,2020-04-11,-0.623,-0.47600000000000003,15.714285714285714,202004
24017,2020-04-18,-0.532,-0.455,19.714285714285715,202004
24017,2020-04-25,-0.551,-0.461,17.428571428571427,202004
24017,2020-05-02,-0.578,-0.45799999999999996,19.428571428571427,202005
24017,2020-05-09,-0.461,-0.452,17.285714285714285,202005
24017,2020-05-16,-0.45899999999999996,-0.406,15.285714285714286,202005
24017,2020-05-23,-0.42100000000000004,-0.377,18.285714285714285,202005
24017,2020-05-30,-0.36,-0.415,15.285714285714286,202005
24017,2020-06-06,-0.366,-0.354,18.571428571428573,202006
24017,2020-06-13,-0.366,-0.299,11.142857142857142,202006
24017,2020-06-20,-0.171,-0.22,8.285714285714286,202006
24017,2020-06-27,-0.268,-0.242,7.714285714285714,202006
24017,2020-07-04,-0.203,-0.159,8.857142857142858,202007
24017,2020-07-11,-0.207,-0.184,9.428571428571429,202007
24017,2020-07-18,-0.203,-0.209,11.857142857142858,202007
24017,2020-07-25,-0.268,-0.20199999999999999,15.142857142857142,202007
24017,2020-08-01,-0.27,-0.188,19.142857142857142,202008
24017,2020-08-08,-0.315,-0.266,21.571428571428573,202008
24017,2020-08-15,-0.38,-0.23399999999999999,20.0,202008
24017,2020-08-22,-0.434,-0.258,17.571428571428573,202008
24017,2020-08-29,-0.321,-0.2,15.285714285714286,202008
24017,2020-09-05,-0.371,-0.245,14.142857142857142,202009
24017,2020-09-12,-0.41100000000000003,-0.268,13.285714285714286,202009
24017,2020-09-19,-0.18600000000000003,-0.282,17.0,202009
24017,2020-09-26,-0.32299999999999995,-0.319,14.142857142857142,202009
24017,2020-10-03,-0.272,-0.322,10.714285714285714,202010
24017,2020-10-10,-0.37200000000000005,-0.319,11.857142857142858,202010
24017,2020-10-17,-0.266,-0.301,12.142857142857142,202010
24017,2020-10-24,-0.171,-0.273,12.285714285714286,202010
24017,2020-10-31,-0.255,-0.278,16.714285714285715,202010
24017,2020-11-07,-0.289,-0.27399999999999997,20.714285714285715,202011
24017,2020-11-14,-0.33799999999999997,-0.257,34.142857142857146,202011
24017,2020-11-21,-0.355,-0.265,41.0,202011
24017,2020-11-28,-0.41600000000000004,-0.326,44.57142857142857,202011
24017,2020-12-05,-0.28300000000000003,-0.276,48.142857142857146,202012
24017,2020-12-12,-0.327,-0.27899999999999997,56.0,202012
24017,2020-12-19,-0.455,-0.311,57.857142857142854,202012
24017,2020-12-26,-0.207,-0.294,52.57142857142857,202012
24017,2021-01-16,-0.276,-0.262,69.57142857142857,202101
24017,2021-01-23,-0.37200000000000005,-0.261,66.85714285714286,202101
24017,2021-01-30,-0.486,-0.266,59.857142857142854,202101
24021,2020-01-11,-0.0298,-0.0241,0.0,202001
24021,2020-01-18,-0.172,-0.00202,0.0,202001
24021,2020-01-25,0.0803,-0.0123,0.0,202001
24021,2020-02-01,0.0907,0.0145,0.0,202002
24021,2020-02-08,-0.0553,-0.0451,0.0,202002
24021,2020-02-15,0.0382,-0.026000000000000002,0.0,202002
24021,2020-02-22,0.0189,0.0519,0.0,202002
24021,2020-02-29,-0.10400000000000001,-0.0599,0.0,202002
24021,2020-03-07,0.0323,-0.0305,0.0,202003
24021,2020-03-14,-0.105,-0.0679,0.0,202003
24021,2020-03-21,-0.322,-0.198,0.0,202003
24021,2020-03-28,-0.51,-0.465,1.1428571428571428,202003
24021,2020-04-04,-0.498,-0.499,4.428571428571429,202004
24021,2020-04-11,-0.501,-0.555,24.0,202004
24021,2020-04-18,-0.514,-0.514,37.142857142857146,202004
24021,2020-04-25,-0.47700000000000004,-0.517,31.142857142857142,202004
24021,2020-05-02,-0.502,-0.502,31.428571428571427,202005
24021,2020-05-09,-0.439,-0.469,30.0,202005
24021,2020-05-16,-0.43700000000000006,-0.465,29.142857142857142,202005
24021,2020-05-23,-0.28,-0.35,32.142857142857146,202005
24021,2020-05-30,-0.215,-0.303,36.142857142857146,202005
24021,2020-06-06,-0.141,-0.253,30.285714285714285,202006
24021,2020-06-13,-0.0857,-0.257,25.428571428571427,202006
24021,2020-06-20,-0.0919,-0.192,21.142857142857142,202006
24021,2020-06-27,-0.0772,-0.16399999999999998,14.285714285714286,202006
24021,2020-07-04,-0.139,-0.136,10.428571428571429,202007
24021,2020-07-11,-0.10300000000000001,-0.163,9.0,202007
24021,2020-07-18,-0.133,-0.138,11.0,202007
24021,2020-07-25,-0.174,-0.156,22.428571428571427,202007
24021,2020-08-01,-0.149,-0.165,21.142857142857142,202008
24021,2020-08-08,-0.147,-0.175,11.571428571428571,202008
24021,2020-08-15,-0.046,-0.179,14.285714285714286,202008
24021,2020-08-22,-0.0299,-0.17300000000000001,20.142857142857142,202008
24021,2020-08-29,-0.225,-0.174,18.714285714285715,202008
24021,2020-09-05,-0.151,-0.166,17.857142857142858,202009
24021,2020-09-12,-0.10800000000000001,-0.16399999999999998,18.285714285714285,202009
24021,2020-09-19,-0.051,-0.16399999999999998,22.571428571428573,202009
24021,2020-09-26,-0.10099999999999999,-0.18,21.857142857142858,202009
24021,2020-10-03,-0.14300000000000002,-0.20600000000000002,19.428571428571427,202010
24021,2020-10-10,-0.14300000000000002,-0.195,22.285714285714285,202010
24021,2020-10-17,-0.0991,-0.158,22.285714285714285,202010
24021,2020-10-24,-0.0977,-0.188,23.0,202010
24021,2020-10-31,-0.12,-0.19399999999999998,27.142857142857142,202010
24021,2020-11-07,-0.121,-0.161,34.42857142857143,202011
24021,2020-11-14,0.00213,-0.135,46.142857142857146,202011
24021,2020-11-21,-0.124,-0.16,66.28571428571429,202011
24021,2020-11-28,-0.191,-0.179,85.85714285714286,202011
24021,2020-12-05,-0.10400000000000001,-0.163,107.0,202012
24021,2020-12-12,-0.115,-0.127,138.14285714285714,202012
24021,2020-12-19,-0.275,-0.24600000000000002,141.85714285714286,202012
24021,2020-12-26,-0.0629,-0.10300000000000001,142.14285714285714,202012
24021,2021-01-16,-0.0886,-0.215,177.57142857142858,202101
24021,2021-01-23,-0.183,-0.195,145.28571428571428,202101
24021,2021-01-30,-0.105,-0.201,100.71428571428571,202101
24031,2020-01-11,-0.0524,-0.0419,0.0,202001
24031,2020-01-18,0.0941,0.0135,0.0,202001
24031,2020-01-25,0.000102,0.0024100000000000002,0.0,202001
24031,2020-02-01,-0.065,0.00787,0.0,202002
24031,2020-02-08,-0.00748,-0.0265,0.0,202002
24031,2020-02-15,-0.00279,-0.046,0.0,202002
24031,2020-02-22,0.0802,0.085,0.0,202002
24031,2020-02-29,-0.0814,-0.0769,0.0,202002
24031,2020-03-07,-0.09300000000000001,-0.0657,0.0,202003
24031,2020-03-14,-0.159,-0.0854,0.2857142857142857,202003
24031,2020-03-21,-0.341,-0.24600000000000002,4.0,202003
24031,2020-03-28,-0.505,-0.44,16.428571428571427,202003
24031,2020-04-04,-0.555,-0.489,43.714285714285715,202004
24031,2020-04-11,-0.5820000000000001,-0.52,89.85714285714286,202004
24031,2020-04-18,-0.515,-0.46799999999999997,132.71428571428572,202004
24031,2020-04-25,-0.5479999999999999,-0.47,134.85714285714286,202004
24031,2020-05-02,-0.52,-0.441,185.57142857142858,202005
24031,2020-05-09,-0.484,-0.42700000000000005,228.57142857142858,202005
24031,2020-05-16,-0.467,-0.41,217.42857142857142,202005
24031,2020-05-23,-0.449,-0.392,237.71428571428572,202005
24031,2020-05-30,-0.49700000000000005,-0.4,220.57142857142858,202005
24031,2020-06-06,-0.402,-0.373,203.42857142857142,202006
24031,2020-06-13,-0.47700000000000004,-0.396,163.85714285714286,202006
24031,2020-06-20,-0.424,-0.33299999999999996,97.71428571428571,202006
24031,2020-06-27,-0.379,-0.321,71.28571428571429,202006
24031,2020-07-04,-0.266,-0.243,76.14285714285714,202007
24031,2020-07-11,-0.361,-0.304,79.28571428571429,202007
24031,2020-07-18,-0.35100000000000003,-0.311,84.14285714285714,202007
24031,2020-07-25,-0.36200000000000004,-0.319,90.28571428571429,202007
24031,2020-08-01,-0.387,-0.331,104.0,202008
24031,2020-08-08,-0.391,-0.332,93.42857142857143,202008
24031,2020-08-15,-0.408,-0.33899999999999997,95.14285714285714,202008
24031,2020-08-22,-0.375,-0.327,77.0,202008
24031,2020-08-29,-0.391,-0.337,67.28571428571429,202008
24031,2020-09-05,-0.307,-0.318,77.0,202009
24031,2020-09-12,-0.37799999999999995,-0.324,91.0,202009
24031,2020-09-19,-0.402,-0.316,89.71428571428571,202009
24031,2020-09-26,-0.271,-0.348,79.57142857142857,202009
24031,2020-10-03,-0.275,-0.315,83.57142857142857,202010
24031,2020-10-10,-0.23399999999999999,-0.327,88.28571428571429,202010
24031,2020-10-17,-0.306,-0.305,100.57142857142857,202010
24031,2020-10-24,-0.34,-0.336,105.85714285714286,202010
24031,2020-10-31,-0.33,-0.337,126.71428571428571,202010
24031,2020-11-07,-0.369,-0.326,149.71428571428572,202011
24031,2020-11-14,-0.34700000000000003,-0.312,195.28571428571428,202011
24031,2020-11-21,-0.38,-0.321,275.7142857142857,202011
24031,2020-11-28,-0.406,-0.331,295.7142857142857,202011
24031,2020-12-05,-0.34600000000000003,-0.32899999999999996,321.2857142857143,202012
24031,2020-12-12,-0.32899999999999996,-0.32299999999999995,442.14285714285717,202012
24031,2020-12-19,-0.39799999999999996,-0.36200000000000004,444.2857142857143,202012
24031,2020-12-26,-0.252,-0.263,370.14285714285717,202012
24031,2021-01-16,-0.373,-0.33299999999999996,501.2857142857143,202101
24031,2021-01-23,-0.304,-0.335,401.7142857142857,202101
24031,2021-01-30,-0.375,-0.34700000000000003,352.7142857142857,202101
24033,2020-01-11,-0.0701,-0.0412,0.0,202001
24033,2020-01-18,0.0132,0.0246,0.0,202001
24033,2020-01-25,0.0083,0.00244,0.0,202001
24033,2020-02-01,-0.00275,0.0115,0.0,202002
24033,2020-02-08,0.006,-0.016,0.0,202002
24033,2020-02-15,-0.0296,-0.0355,0.0,202002
24033,2020-02-22,-0.00221,0.0479,0.0,202002
24033,2020-02-29,-0.0857,-0.0453,0.0,202002
24033,2020-03-07,0.00281,-0.0362,0.0,202003
24033,2020-03-14,-0.0679,-0.0602,1.1428571428571428,202003
24033,2020-03-21,-0.244,-0.183,2.2857142857142856,202003
24033,2020-03-28,-0.467,-0.39299999999999996,10.714285714285714,202003
24033,2020-04-04,-0.418,-0.43200000000000005,47.0,202004
24033,2020-04-11,-0.47200000000000003,-0.46399999999999997,126.0,202004
24033,2020-04-18,-0.444,-0.423,180.71428571428572,202004
24033,2020-04-25,-0.433,-0.42100000000000004,202.85714285714286,202004
24033,2020-05-02,-0.47600000000000003,-0.395,274.2857142857143,202005
24033,2020-05-09,-0.27899999999999997,-0.376,331.42857142857144,202005
24033,2020-05-16,-0.368,-0.368,284.42857142857144,202005
24033,2020-05-23,-0.396,-0.34700000000000003,315.2857142857143,202005
24033,2020-05-30,-0.42700000000000005,-0.36,330.57142857142856,202005
24033,2020-06-06,-0.293,-0.3,224.85714285714286,202006
24033,2020-06-13,-0.36,-0.313,145.0,202006
24033,2020-06-20,-0.245,-0.235,107.57142857142857,202006
24033,2020-06-27,-0.267,-0.22399999999999998,78.42857142857143,202006
24033,2020-07-04,-0.295,-0.147,68.28571428571429,202007
24033,2020-07-11,-0.11,-0.214,91.57142857142857,202007
24033,2020-07-18,-0.171,-0.20800000000000002,113.0,202007
24033,2020-07-25,-0.225,-0.228,127.57142857142857,202007
24033,2020-08-01,-0.303,-0.22399999999999998,155.71428571428572,202008
24033,2020-08-08,-0.188,-0.239,155.57142857142858,202008
24033,2020-08-15,-0.266,-0.233,139.85714285714286,202008
24033,2020-08-22,-0.254,-0.231,117.71428571428571,202008
24033,2020-08-29,-0.311,-0.23399999999999999,101.28571428571429,202008
24033,2020-09-05,-0.158,-0.22899999999999998,102.71428571428571,202009
24033,2020-09-12,-0.39299999999999996,-0.228,102.28571428571429,202009
24033,2020-09-19,-0.196,-0.23399999999999999,123.28571428571429,202009
24033,2020-09-26,-0.289,-0.244,107.14285714285714,202009
24033,2020-10-03,-0.325,-0.24,102.42857142857143,202010
24033,2020-10-10,-0.138,-0.252,106.42857142857143,202010
24033,2020-10-17,-0.256,-0.23,102.28571428571429,202010
24033,2020-10-24,-0.209,-0.253,107.0,202010
24033,2020-10-31,-0.348,-0.245,127.57142857142857,202010
24033,2020-11-07,-0.223,-0.27399999999999997,147.42857142857142,202011
24033,2020-11-14,-0.294,-0.248,199.0,202011
24033,2020-11-21,-0.285,-0.253,292.42857142857144,202011
24033,2020-11-28,-0.366,-0.276,347.85714285714283,202011
24033,2020-12-05,-0.248,-0.264,355.0,202012
24033,2020-12-12,-0.245,-0.259,454.0,202012
24033,2020-12-19,-0.358,-0.28600000000000003,460.2857142857143,202012
24033,2020-12-26,-0.2,-0.205,402.14285714285717,202012
24033,2021-01-16,-0.203,-0.294,520.1428571428571,202101
24033,2021-01-23,-0.24100000000000002,-0.297,431.85714285714283,202101
24033,2021-01-30,-0.285,-0.29,362.14285714285717,202101
24037,2020-01-11,-0.0487,-0.0326,0.0,202001
24037,2020-01-18,-0.0179,0.0355,0.0,202001
24037,2020-01-25,-0.0729,-0.00349,0.0,202001
24037,2020-02-01,0.096,-0.0219,0.0,202002
24037,2020-02-08,0.0636,-0.0481,0.0,202002
24037,2020-02-15,0.1,-0.08,0.0,202002
24037,2020-02-22,0.253,0.0434,0.0,202002
24037,2020-02-29,0.0315,0.00911,0.0,202002
24037,2020-03-07,0.0277,-0.0345,0.0,202003
24037,2020-03-14,0.0438,-0.0377,0.0,202003
24037,2020-03-21,0.0257,-0.102,0.0,202003
24037,2020-03-28,-0.314,-0.298,0.5714285714285714,202003
24037,2020-04-04,-0.309,-0.359,2.4285714285714284,202004
24037,2020-04-11,-0.27,-0.35200000000000004,5.142857142857143,202004
24037,2020-04-18,-0.292,-0.318,5.571428571428571,202004
24037,2020-04-25,-0.275,-0.33399999999999996,2.2857142857142856,202004
24037,2020-05-02,-0.337,-0.307,5.142857142857143,202005
24037,2020-05-09,-0.26,-0.32799999999999996,5.857142857142857,202005
24037,2020-05-16,-0.193,-0.28,11.0,202005
24037,2020-05-23,-0.22899999999999998,-0.316,11.285714285714286,202005
24037,2020-05-30,-0.0922,-0.284,10.571428571428571,202005
24037,2020-06-06,-0.19399999999999998,-0.348,15.428571428571429,202006
24037,2020-06-13,-0.171,-0.27899999999999997,5.285714285714286,202006
24037,2020-06-20,-0.209,-0.29,3.2857142857142856,202006
24037,2020-06-27,-0.18600000000000003,-0.301,2.5714285714285716,202006
24037,2020-07-04,-0.0938,-0.24100000000000002,4.857142857142857,202007
24037,2020-07-11,-0.215,-0.294,4.285714285714286,202007
24037,2020-07-18,-0.16399999999999998,-0.266,8.857142857142858,202007
24037,2020-07-25,-0.205,-0.263,8.428571428571429,202007
24037,2020-08-01,-0.183,-0.287,11.0,202008
24037,2020-08-08,-0.426,-0.379,11.0,202008
24037,2020-08-15,-0.415,-0.29100000000000004,10.142857142857142,202008
24037,2020-08-22,-0.37799999999999995,-0.326,7.285714285714286,202008
24037,2020-08-29,-0.475,-0.377,3.5714285714285716,202008
24037,2020-09-05,-0.284,-0.358,5.142857142857143,202009
24037,2020-09-12,-0.258,-0.34700000000000003,5.714285714285714,202009
24037,2020-09-19,-0.156,-0.309,7.571428571428571,202009
24037,2020-09-26,-0.187,-0.33799999999999997,6.714285714285714,202009
24037,2020-10-03,-0.237,-0.36200000000000004,6.857142857142857,202010
24037,2020-10-10,-0.315,-0.35700000000000004,6.142857142857143,202010
24037,2020-10-17,-0.302,-0.37200000000000005,3.0,202010
24037,2020-10-24,-0.465,-0.392,5.285714285714286,202010
24037,2020-10-31,-0.297,-0.35600000000000004,9.0,202010
24037,2020-11-07,-0.34299999999999997,-0.392,7.285714285714286,202011
24037,2020-11-14,-0.40700000000000003,-0.408,15.0,202011
24037,2020-11-21,-0.299,-0.406,23.142857142857142,202011
24037,2020-11-28,-0.365,-0.396,29.571428571428573,202011
24037,2020-12-05,-0.34299999999999997,-0.39899999999999997,30.0,202012
24037,2020-12-12,-0.512,-0.40299999999999997,44.142857142857146,202012
24037,2020-12-19,-0.43200000000000005,-0.402,38.0,202012
24037,2020-12-26,-0.221,-0.337,30.285714285714285,202012
24037,2021-01-16,-0.282,-0.325,53.285714285714285,202101
24037,2021-01-23,-0.405,-0.33,45.714285714285715,202101
24037,2021-01-30,-0.337,-0.316,35.285714285714285,202101
51013,2020-01-11,0.317,-0.0353,0.0,202001
51013,2020-01-18,-0.107,0.0148,0.0,202001
51013,2020-01-25,-0.27699999999999997,-0.0043100000000000005,0.0,202001
51013,2020-02-01,-0.327,-0.0282,0.0,202002
51013,2020-02-08,-0.0519,-0.0222,0.0,202002
51013,2020-02-15,-0.26,-0.0999,0.0,202002
51013,2020-02-22,-0.17300000000000001,0.0461,0.0,202002
51013,2020-02-29,-0.364,-0.133,0.0,202002
51013,2020-03-07,-0.304,-0.10400000000000001,0.0,202003
51013,2020-03-14,-0.37,-0.166,0.5714285714285714,202003
51013,2020-03-21,-0.7190000000000001,-0.313,1.8571428571428572,202003
51013,2020-03-28,-0.674,-0.47700000000000004,5.285714285714286,202003
51013,2020-04-04,-0.726,-0.511,9.285714285714286,202004
51013,2020-04-11,-0.6809999999999999,-0.511,20.571428571428573,202004
51013,2020-04-18,-0.721,-0.511,24.857142857142858,202004
51013,2020-04-25,-0.7070000000000001,-0.48100000000000004,32.57142857142857,202004
51013,2020-05-02,-0.652,-0.42700000000000005,36.57142857142857,202005
51013,2020-05-09,-0.6559999999999999,-0.44299999999999995,41.285714285714285,202005
51013,2020-05-16,-0.607,-0.451,36.57142857142857,202005
51013,2020-05-23,-0.595,-0.444,36.142857142857146,202005
51013,2020-05-30,-0.568,-0.429,39.0,202005
51013,2020-06-06,-0.523,-0.375,22.571428571428573,202006
51013,2020-06-13,-0.588,-0.38299999999999995,18.857142857142858,202006
51013,2020-06-20,-0.545,-0.32799999999999996,13.285714285714286,202006
51013,2020-06-27,-0.573,-0.337,9.285714285714286,202006
51013,2020-07-04,-0.506,-0.292,7.142857142857143,202007
51013,2020-07-11,-0.556,-0.304,10.571428571428571,202007
51013,2020-07-18,-0.519,-0.304,15.857142857142858,202007
51013,2020-07-25,-0.524,-0.332,13.142857142857142,202007
51013,2020-08-01,-0.6679999999999999,-0.327,13.428571428571429,202008
51013,2020-08-08,-0.499,-0.311,19.285714285714285,202008
51013,2020-08-15,-0.508,-0.325,19.285714285714285,202008
51013,2020-08-22,-0.491,-0.317,23.285714285714285,202008
51013,2020-08-29,-0.5429999999999999,-0.345,21.714285714285715,202008
51013,2020-09-05,-0.573,-0.345,19.142857142857142,202009
51013,2020-09-12,-0.612,-0.35600000000000004,13.714285714285714,202009
51013,2020-09-19,-0.5329999999999999,-0.307,15.285714285714286,202009
51013,2020-09-26,-0.491,-0.335,14.428571428571429,202009
51013,2020-10-03,-0.537,-0.336,15.714285714285714,202010
51013,2020-10-10,-0.455,-0.32299999999999995,15.857142857142858,202010
51013,2020-10-17,-0.506,-0.32899999999999996,22.714285714285715,202010
51013,2020-10-24,-0.551,-0.33899999999999997,25.0,202010
51013,2020-10-31,-0.542,-0.34600000000000003,26.857142857142858,202010
51013,2020-11-07,-0.306,-0.344,32.714285714285715,202011
51013,2020-11-14,-0.457,-0.326,39.57142857142857,202011
51013,2020-11-21,-0.5710000000000001,-0.342,52.285714285714285,202011
51013,2020-11-28,-0.5720000000000001,-0.382,69.71428571428571,202011
51013,2020-12-05,-0.532,-0.353,62.714285714285715,202012
51013,2020-12-12,-0.536,-0.36200000000000004,87.85714285714286,202012
51013,2020-12-19,-0.466,-0.34700000000000003,79.71428571428571,202012
51013,2020-12-26,-0.361,-0.315,89.42857142857143,202012
51013,2021-01-16,-0.282,-0.35200000000000004,113.28571428571429,202101
51013,2021-01-23,-0.414,-0.375,89.71428571428571,202101
51013,2021-01-30,-0.606,-0.366,72.71428571428571,202101
51059,2020-01-11,-0.0050100000000000006,-0.0371,0.0,202001
51059,2020-01-18,0.055,0.013999999999999999,0.0,202001
51059,2020-01-25,-0.0401,0.0021,0.0,202001
51059,2020-02-01,-0.046,-0.00286,0.0,202002
51059,2020-02-08,-0.0406,-0.0134,0.0,202002
51059,2020-02-15,0.00921,-0.0202,0.0,202002
51059,2020-02-22,0.0781,0.0832,0.0,202002
51059,2020-02-29,-0.0582,-0.0174,0.0,202002
51059,2020-03-07,0.0333,0.000217,0.0,202003
51059,2020-03-14,-0.14800000000000002,-0.0475,1.1428571428571428,202003
51059,2020-03-21,-0.316,-0.17800000000000002,1.2857142857142858,202003
51059,2020-03-28,-0.43,-0.349,10.142857142857142,202003
51059,2020-04-04,-0.402,-0.409,29.0,202004
51059,2020-04-11,-0.46299999999999997,-0.44799999999999995,49.0,202004
51059,2020-04-18,-0.38299999999999995,-0.39399999999999996,96.57142857142857,202004
51059,2020-04-25,-0.37200000000000005,-0.384,133.57142857142858,202004
51059,2020-05-02,-0.415,-0.385,172.71428571428572,202005
51059,2020-05-09,-0.359,-0.36,213.0,202005
51059,2020-05-16,-0.317,-0.35,247.14285714285714,202005
51059,2020-05-23,-0.33399999999999996,-0.32899999999999996,228.71428571428572,202005
51059,2020-05-30,-0.282,-0.31,257.0,202005
51059,2020-06-06,-0.174,-0.251,216.28571428571428,202006
51059,2020-06-13,-0.24600000000000002,-0.272,162.85714285714286,202006
51059,2020-06-20,-0.217,-0.231,62.0,202006
51059,2020-06-27,-0.192,-0.225,59.285714285714285,202006
51059,2020-07-04,-0.0399,-0.174,44.42857142857143,202007
51059,2020-07-11,-0.203,-0.23,53.0,202007
51059,2020-07-18,-0.22,-0.223,53.857142857142854,202007
51059,2020-07-25,-0.203,-0.233,61.857142857142854,202007
51059,2020-08-01,-0.22899999999999998,-0.23399999999999999,66.28571428571429,202008
51059,2020-08-08,-0.184,-0.24100000000000002,72.71428571428571,202008
51059,2020-08-15,-0.284,-0.253,83.71428571428571,202008
51059,2020-08-22,-0.21600000000000003,-0.247,88.14285714285714,202008
51059,2020-08-29,-0.223,-0.243,92.71428571428571,202008
51059,2020-09-05,-0.0623,-0.23,99.14285714285714,202009
51059,2020-09-12,-0.294,-0.252,88.85714285714286,202009
51059,2020-09-19,-0.22399999999999998,-0.253,90.71428571428571,202009
51059,2020-09-26,-0.24600000000000002,-0.243,86.71428571428571,202009
51059,2020-10-03,-0.187,-0.243,73.28571428571429,202010
51059,2020-10-10,-0.155,-0.25,80.57142857142857,202010
51059,2020-10-17,-0.272,-0.247,104.14285714285714,202010
51059,2020-10-24,-0.308,-0.255,91.14285714285714,202010
51059,2020-10-31,-0.207,-0.259,113.57142857142857,202010
51059,2020-11-07,-0.228,-0.28800000000000003,133.57142857142858,202011
51059,2020-11-14,-0.27699999999999997,-0.28,166.14285714285714,202011
51059,2020-11-21,-0.366,-0.272,209.28571428571428,202011
51059,2020-11-28,-0.389,-0.27399999999999997,314.2857142857143,202011
51059,2020-12-05,-0.23399999999999999,-0.27399999999999997,313.0,202012
51059,2020-12-12,-0.23800000000000002,-0.273,451.0,202012
51059,2020-12-19,-0.363,-0.314,414.57142857142856,202012
51059,2020-12-26,-0.23399999999999999,-0.21600000000000003,438.42857142857144,202012
51059,2021-01-16,-0.23399999999999999,-0.325,550.0,202101
51059,2021-01-23,-0.28,-0.33399999999999996,630.2857142857143,202101
51059,2021-01-30,-0.285,-0.337,398.42857142857144,202101
51061,2020-01-11,-0.0615,-0.0038,0.0,202001
51061,2020-01-18,0.0819,0.0483,0.0,202001
51061,2020-01-25,-0.0408,0.00535,0.0,202001
51061,2020-02-01,-0.0605,-0.0548,0.0,202002
51061,2020-02-08,-0.163,-0.0642,0.0,202002
51061,2020-02-15,-0.233,-0.0908,0.0,202002
51061,2020-02-22,-0.17600000000000002,0.0823,0.0,202002
51061,2020-02-29,-0.22699999999999998,-0.07,0.0,202002
51061,2020-03-07,-0.278,-0.0659,0.0,202003
51061,2020-03-14,-0.267,-0.096,0.0,202003
51061,2020-03-21,-0.313,-0.147,0.0,202003
51061,2020-03-28,-0.38,-0.275,0.14285714285714285,202003
51061,2020-04-04,-0.45799999999999996,-0.312,1.0,202004
51061,2020-04-11,-0.474,-0.32,1.5714285714285714,202004
51061,2020-04-18,-0.479,-0.297,1.8571428571428572,202004
51061,2020-04-25,-0.43200000000000005,-0.27,3.857142857142857,202004
51061,2020-05-02,-0.396,-0.28300000000000003,7.571428571428571,202005
51061,2020-05-09,-0.36700000000000005,-0.281,5.571428571428571,202005
51061,2020-05-16,-0.32799999999999996,-0.262,6.142857142857143,202005
51061,2020-05-23,-0.27,-0.207,8.0,202005
51061,2020-05-30,-0.35600000000000004,-0.188,7.428571428571429,202005
51061,2020-06-06,-0.28300000000000003,-0.19399999999999998,4.428571428571429,202006
51061,2020-06-13,-0.32899999999999996,-0.177,5.714285714285714,202006
51061,2020-06-20,-0.348,-0.193,3.7142857142857144,202006
51061,2020-06-27,-0.31,-0.155,2.5714285714285716,202006
51061,2020-07-04,-0.196,-0.0578,1.2857142857142858,202007
51061,2020-07-11,-0.27899999999999997,-0.151,5.0,202007
51061,2020-07-18,-0.35,-0.19399999999999998,6.571428571428571,202007
51061,2020-07-25,-0.282,-0.179,5.857142857142857,202007
51061,2020-08-01,-0.377,-0.213,3.7142857142857144,202008
51061,2020-08-08,-0.327,-0.225,3.2857142857142856,202008
51061,2020-08-15,-0.282,-0.22,4.857142857142857,202008
51061,2020-08-22,-0.355,-0.21899999999999997,4.428571428571429,202008
51061,2020-08-29,-0.496,-0.213,10.571428571428571,202008
51061,2020-09-05,-0.36,-0.17800000000000002,7.0,202009
51061,2020-09-12,-0.469,-0.226,7.0,202009
51061,2020-09-19,-0.467,-0.212,7.714285714285714,202009
51061,2020-09-26,-0.39,-0.21100000000000002,5.714285714285714,202009
51061,2020-10-03,-0.433,-0.209,3.5714285714285716,202010
51061,2020-10-10,-0.26899999999999996,-0.18899999999999997,5.285714285714286,202010
51061,2020-10-17,-0.48,-0.222,5.571428571428571,202010
51061,2020-10-24,-0.441,-0.223,5.285714285714286,202010
51061,2020-10-31,-0.484,-0.19699999999999998,5.714285714285714,202010
51061,2020-11-07,-0.557,-0.276,5.428571428571429,202011
51061,2020-11-14,-0.27399999999999997,-0.23,8.0,202011
51061,2020-11-21,-0.49200000000000005,-0.242,14.857142857142858,202011
51061,2020-11-28,-0.325,-0.239,15.571428571428571,202011
51061,2020-12-05,-0.284,-0.242,20.857142857142858,202012
51061,2020-12-12,-0.451,-0.24,28.857142857142858,202012
51061,2020-12-19,-0.5770000000000001,-0.303,27.571428571428573,202012
51061,2020-12-26,-0.512,-0.18100000000000002,28.142857142857142,202012
51061,2021-01-16,-0.40399999999999997,-0.319,37.57142857142857,202101
51061,2021-01-23,-0.222,-0.259,37.0,202101
51061,2021-01-30,-0.35700000000000004,-0.27399999999999997,29.428571428571427,202101
51107,2020-01-11,-0.0483,-0.0307,0.0,202001
51107,2020-01-18,-0.0476,-0.00655,0.0,202001
51107,2020-01-25,0.0215,0.0102,0.0,202001
51107,2020-02-01,-0.0709,0.00572,0.0,202002
51107,2020-02-08,-0.0136,-0.0381,0.0,202002
51107,2020-02-15,-0.00285,-0.0609,0.0,202002
51107,2020-02-22,0.0477,0.078,0.0,202002
51107,2020-02-29,-0.17300000000000001,-0.0222,0.0,202002
51107,2020-03-07,0.0563,-0.021,0.0,202003
51107,2020-03-14,-0.0831,-0.0597,0.14285714285714285,202003
51107,2020-03-21,-0.353,-0.171,0.5714285714285714,202003
51107,2020-03-28,-0.44,-0.354,3.142857142857143,202003
51107,2020-04-04,-0.45899999999999996,-0.42,10.428571428571429,202004
51107,2020-04-11,-0.473,-0.415,18.714285714285715,202004
51107,2020-04-18,-0.442,-0.41,18.0,202004
51107,2020-04-25,-0.39399999999999996,-0.377,18.142857142857142,202004
51107,2020-05-02,-0.441,-0.382,34.285714285714285,202005
51107,2020-05-09,-0.42200000000000004,-0.365,41.42857142857143,202005
51107,2020-05-16,-0.354,-0.34600000000000003,37.857142857142854,202005
51107,2020-05-23,-0.33799999999999997,-0.344,48.714285714285715,202005
51107,2020-05-30,-0.371,-0.313,86.28571428571429,202005
51107,2020-06-06,-0.281,-0.289,70.42857142857143,202006
51107,2020-06-13,-0.321,-0.297,68.85714285714286,202006
51107,2020-06-20,-0.324,-0.27699999999999997,37.0,202006
51107,2020-06-27,-0.336,-0.271,35.142857142857146,202006
51107,2020-07-04,-0.258,-0.23800000000000002,48.57142857142857,202007
51107,2020-07-11,-0.266,-0.267,34.285714285714285,202007
51107,2020-07-18,-0.336,-0.281,31.571428571428573,202007
51107,2020-07-25,-0.336,-0.264,31.285714285714285,202007
51107,2020-08-01,-0.32899999999999996,-0.262,31.714285714285715,202008
51107,2020-08-08,-0.336,-0.3,26.142857142857142,202008
51107,2020-08-15,-0.332,-0.293,35.142857142857146,202008
51107,2020-08-22,-0.382,-0.292,30.285714285714285,202008
51107,2020-08-29,-0.337,-0.31,31.0,202008
51107,2020-09-05,-0.26899999999999996,-0.302,35.57142857142857,202009
51107,2020-09-12,-0.34700000000000003,-0.309,34.57142857142857,202009
51107,2020-09-19,-0.256,-0.287,33.57142857142857,202009
51107,2020-09-26,-0.309,-0.311,27.571428571428573,202009
51107,2020-10-03,-0.301,-0.311,22.0,202010
51107,2020-10-10,-0.23800000000000002,-0.349,27.0,202010
51107,2020-10-17,-0.303,-0.322,40.57142857142857,202010
51107,2020-10-24,-0.145,-0.321,41.42857142857143,202010
51107,2020-10-31,-0.359,-0.319,32.142857142857146,202010
51107,2020-11-07,-0.306,-0.335,41.0,202011
51107,2020-11-14,-0.322,-0.342,55.285714285714285,202011
51107,2020-11-21,-0.27899999999999997,-0.342,68.0,202011
51107,2020-11-28,-0.358,-0.331,90.14285714285714,202011
51107,2020-12-05,-0.244,-0.336,91.85714285714286,202012
51107,2020-12-12,-0.342,-0.327,130.85714285714286,202012
51107,2020-12-19,-0.39899999999999997,-0.382,137.0,202012
51107,2020-12-26,-0.272,-0.268,128.85714285714286,202012
51107,2021-01-16,-0.196,-0.319,119.14285714285714,202101
51107,2021-01-23,-0.262,-0.355,235.0,202101
51107,2021-01-30,-0.326,-0.33799999999999997,291.14285714285717,202101
51153,2020-01-11,-0.0407,-0.0355,0.0,202001
51153,2020-01-18,0.0375,0.00975,0.0,202001
51153,2020-01-25,0.0852,-0.007370000000000001,0.0,202001
51153,2020-02-01,-0.171,0.0201,0.0,202002
51153,2020-02-08,-0.0508,-0.0228,0.0,202002
51153,2020-02-15,0.065,-0.00525,0.0,202002
51153,2020-02-22,0.0717,0.0968,0.0,202002
51153,2020-02-29,-0.18,-0.0122,0.0,202002
51153,2020-03-07,0.0642,0.0321,0.0,202003
51153,2020-03-14,-0.146,-0.0139,0.2857142857142857,202003
51153,2020-03-21,-0.198,-0.109,1.2857142857142858,202003
51153,2020-03-28,-0.43,-0.32799999999999996,3.857142857142857,202003
51153,2020-04-04,-0.534,-0.39,10.714285714285714,202004
51153,2020-04-11,-0.485,-0.43200000000000005,23.0,202004
51153,2020-04-18,-0.44299999999999995,-0.379,38.714285714285715,202004
51153,2020-04-25,-0.44299999999999995,-0.365,58.142857142857146,202004
51153,2020-05-02,-0.405,-0.358,87.14285714285714,202005
51153,2020-05-09,-0.371,-0.32899999999999996,104.57142857142857,202005
51153,2020-05-16,-0.321,-0.316,128.28571428571428,202005
51153,2020-05-23,-0.33399999999999996,-0.321,122.42857142857143,202005
51153,2020-05-30,-0.341,-0.331,137.85714285714286,202005
51153,2020-06-06,-0.165,-0.252,117.71428571428571,202006
51153,2020-06-13,-0.254,-0.26,75.28571428571429,202006
51153,2020-06-20,-0.174,-0.22,44.285714285714285,202006
51153,2020-06-27,-0.261,-0.213,49.142857142857146,202006
51153,2020-07-04,-0.20800000000000002,-0.18,45.42857142857143,202007
51153,2020-07-11,-0.223,-0.21100000000000002,47.0,202007
51153,2020-07-18,-0.273,-0.239,40.0,202007
51153,2020-07-25,-0.24100000000000002,-0.225,47.857142857142854,202007
51153,2020-08-01,-0.29,-0.252,61.0,202008
51153,2020-08-08,-0.226,-0.253,63.42857142857143,202008
51153,2020-08-15,-0.307,-0.273,69.57142857142857,202008
51153,2020-08-22,-0.363,-0.27899999999999997,59.857142857142854,202008
51153,2020-08-29,-0.331,-0.26899999999999996,66.42857142857143,202008
51153,2020-09-05,-0.242,-0.268,61.714285714285715,202009
51153,2020-09-12,-0.369,-0.244,61.57142857142857,202009
51153,2020-09-19,-0.262,-0.24100000000000002,63.285714285714285,202009
51153,2020-09-26,-0.201,-0.248,56.42857142857143,202009
51153,2020-10-03,-0.33899999999999997,-0.23600000000000002,48.285714285714285,202010
51153,2020-10-10,-0.196,-0.255,47.714285714285715,202010
51153,2020-10-17,-0.235,-0.263,59.714285714285715,202010
51153,2020-10-24,-0.256,-0.265,62.714285714285715,202010
51153,2020-10-31,-0.29,-0.265,70.14285714285714,202010
51153,2020-11-07,-0.22399999999999998,-0.264,84.57142857142857,202011
51153,2020-11-14,-0.313,-0.266,89.57142857142857,202011
51153,2020-11-21,-0.301,-0.266,115.57142857142857,202011
51153,2020-11-28,-0.413,-0.28600000000000003,166.0,202011
51153,2020-12-05,-0.28800000000000003,-0.275,176.28571428571428,202012
51153,2020-12-12,-0.247,-0.265,200.28571428571428,202012
51153,2020-12-19,-0.371,-0.292,235.85714285714286,202012
51153,2020-12-26,-0.16399999999999998,-0.168,242.0,202012
51153,2021-01-16,-0.375,-0.314,259.42857142857144,202101
51153,2021-01-23,-0.41700000000000004,-0.318,469.85714285714283,202101
51153,2021-01-30,-0.451,-0.326,269.42857142857144,202101
51187,2020-01-11,0.0464,0.0277,0.0,202001
51187,2020-01-18,-0.0063,-0.042,0.0,202001
51187,2020-01-25,-0.151,-0.02,0.0,202001
51187,2020-02-01,0.102,0.0559,0.0,202002
51187,2020-02-08,-0.0862,-0.0193,0.0,202002
51187,2020-02-15,-0.369,-0.00963,0.0,202002
51187,2020-02-22,-0.21899999999999997,0.141,0.0,202002
51187,2020-02-29,-0.259,0.0549,0.0,202002
51187,2020-03-07,0.0399,0.077,0.0,202003
51187,2020-03-14,-0.13,0.0775,0.0,202003
51187,2020-03-21,-0.435,-0.0421,0.0,202003
51187,2020-03-28,-0.489,-0.17,0.0,202003
51187,2020-04-04,-0.355,-0.251,0.0,202004
51187,2020-04-11,-0.493,-0.252,0.7142857142857143,202004
51187,2020-04-18,-0.45399999999999996,-0.22899999999999998,1.8571428571428572,202004
51187,2020-04-25,-0.38299999999999995,-0.209,1.4285714285714286,202004
51187,2020-05-02,-0.34700000000000003,-0.217,3.0,202005
51187,2020-05-09,-0.469,-0.23199999999999998,2.857142857142857,202005
51187,2020-05-16,-0.397,-0.13,2.5714285714285716,202005
51187,2020-05-23,-0.281,-0.0572,2.142857142857143,202005
51187,2020-05-30,-0.557,-0.0706,3.5714285714285716,202005
51187,2020-06-06,0.376,-0.0303,9.0,202006
51187,2020-06-13,-0.392,-0.0895,4.571428571428571,202006
51187,2020-06-20,-0.183,-0.0553,1.2857142857142858,202006
51187,2020-06-27,-0.22,0.0136,4.857142857142857,202006
51187,2020-07-04,-0.22899999999999998,0.0723,3.142857142857143,202007
51187,2020-07-11,-0.263,-0.045,1.8571428571428572,202007
51187,2020-07-18,-0.301,-0.0459,2.2857142857142856,202007
51187,2020-07-25,-0.33299999999999996,0.0162,2.5714285714285716,202007
51187,2020-08-01,-0.23399999999999999,0.0407,1.2857142857142858,202008
51187,2020-08-08,-0.259,-0.0862,0.8571428571428571,202008
51187,2020-08-15,-0.2,-0.0862,1.2857142857142858,202008
51187,2020-08-22,-0.20199999999999999,-0.0979,2.4285714285714284,202008
51187,2020-08-29,-0.33,-0.0995,2.0,202008
51187,2020-09-05,-0.799,-0.0418,1.0,202009
51187,2020-09-12,-0.58,-0.0402,0.5714285714285714,202009
51187,2020-09-19,-0.418,-0.106,1.4285714285714286,202009
51187,2020-09-26,-0.431,-0.0683,1.0,202009
51187,2020-10-03,-0.7240000000000001,0.0237,3.2857142857142856,202010
51187,2020-10-10,-0.609,-0.0481,3.7142857142857144,202010
51187,2020-10-17,-0.496,-0.0893,5.428571428571429,202010
51187,2020-10-24,-0.373,-0.0552,5.857142857142857,202010
51187,2020-10-31,-0.473,-0.0213,7.571428571428571,202010
51187,2020-11-07,-0.257,-0.135,6.142857142857143,202011
51187,2020-11-14,-0.36700000000000005,-0.0188,5.0,202011
51187,2020-11-21,-0.253,-0.147,6.857142857142857,202011
51187,2020-11-28,-0.312,-0.0458,8.428571428571429,202011
51187,2020-12-05,-0.0273,-0.0833,16.0,202012
51187,2020-12-12,-0.21,-0.10800000000000001,14.571428571428571,202012
51187,2020-12-19,-0.48,-0.32,16.428571428571427,202012
51187,2020-12-26,-0.031,0.0224,11.571428571428571,202012
51187,2021-01-16,-0.36700000000000005,-0.20600000000000002,14.142857142857142,202101
51187,2021-01-23,-0.309,-0.252,21.142857142857142,202101
51187,2021-01-30,-0.506,-0.222,21.714285714285715,202101
51510,2020-01-11,0.147,-0.021,0.0,202001
51510,2020-01-18,0.0865,0.0251,0.0,202001
51510,2020-01-25,-0.237,-0.0162,0.0,202001
51510,2020-02-01,-0.0761,-0.0114,0.0,202002
51510,2020-02-08,0.32899999999999996,0.00514,0.0,202002
51510,2020-02-15,0.366,-0.0509,0.0,202002
51510,2020-02-22,-0.0473,0.0276,0.0,202002
51510,2020-02-29,-0.122,-0.0473,0.0,202002
51510,2020-03-07,0.126,-0.0598,0.0,202003
51510,2020-03-14,-0.0812,-0.0747,0.0,202003
51510,2020-03-21,-0.429,-0.21600000000000003,0.14285714285714285,202003
51510,2020-03-28,-0.563,-0.358,1.4285714285714286,202003
51510,2020-04-04,-0.38299999999999995,-0.426,3.857142857142857,202004
51510,2020-04-11,-0.446,-0.41,14.0,202004
51510,2020-04-18,-0.414,-0.4,19.142857142857142,202004
51510,2020-04-25,-0.431,-0.387,30.428571428571427,202004
51510,2020-05-02,-0.396,-0.384,32.57142857142857,202005
51510,2020-05-09,-0.322,-0.33399999999999996,43.714285714285715,202005
51510,2020-05-16,-0.414,-0.32299999999999995,41.857142857142854,202005
51510,2020-05-23,-0.302,-0.32,39.285714285714285,202005
51510,2020-05-30,-0.251,-0.33899999999999997,36.57142857142857,202005
51510,2020-06-06,-0.39299999999999996,-0.29,25.142857142857142,202006
51510,2020-06-13,-0.309,-0.304,14.428571428571429,202006
51510,2020-06-20,-0.177,-0.252,8.714285714285714,202006
51510,2020-06-27,-0.14,-0.266,11.714285714285714,202006
51510,2020-07-04,-0.0741,-0.203,9.714285714285714,202007
51510,2020-07-11,-0.38799999999999996,-0.28600000000000003,11.714285714285714,202007
51510,2020-07-18,-0.258,-0.25,11.285714285714286,202007
51510,2020-07-25,-0.055999999999999994,-0.267,17.714285714285715,202007
51510,2020-08-01,-0.258,-0.254,21.0,202008
51510,2020-08-08,-0.191,-0.3,17.0,202008
51510,2020-08-15,-0.156,-0.319,19.285714285714285,202008
51510,2020-08-22,-0.252,-0.284,22.0,202008
51510,2020-08-29,-0.141,-0.292,21.0,202008
51510,2020-09-05,-0.113,-0.281,14.714285714285714,202009
51510,2020-09-12,-0.23399999999999999,-0.29,18.142857142857142,202009
51510,2020-09-19,-0.14,-0.304,13.428571428571429,202009
51510,2020-09-26,-0.231,-0.304,15.571428571428571,202009
51510,2020-10-03,-0.221,-0.29600000000000004,15.0,202010
51510,2020-10-10,-0.223,-0.325,14.428571428571429,202010
51510,2020-10-17,0.034,-0.263,15.857142857142858,202010
51510,2020-10-24,-0.284,-0.307,12.857142857142858,202010
51510,2020-10-31,-0.139,-0.332,17.0,202010
51510,2020-11-07,-0.306,-0.344,18.857142857142858,202011
51510,2020-11-14,-0.18100000000000002,-0.336,22.285714285714285,202011
51510,2020-11-21,-0.321,-0.324,29.285714285714285,202011
51510,2020-11-28,-0.33399999999999996,-0.355,50.142857142857146,202011
51510,2020-12-05,-0.31,-0.33399999999999996,48.0,202012
51510,2020-12-12,-0.24600000000000002,-0.332,69.42857142857143,202012
51510,2020-12-19,-0.364,-0.397,61.57142857142857,202012
51510,2020-12-26,-0.18899999999999997,-0.31,67.85714285714286,202012
51510,2021-01-16,-0.31,-0.36700000000000005,88.0,202101
51510,2021-01-23,-0.28800000000000003,-0.379,77.57142857142857,202101
51510,2021-01-30,-0.452,-0.39399999999999996,55.0,202101
51610,2020-01-11,-0.0736,0.0329,0.0,202001
51610,2020-01-18,0.0453,0.0426,0.0,202001
51610,2020-01-25,-0.0768,-0.0491,0.0,202001
51610,2020-02-01,-0.0793,-0.0491,0.0,202002
51610,2020-02-08,-0.115,-0.0653,0.0,202002
51610,2020-02-15,-0.0672,-0.0524,0.0,202002
51610,2020-02-22,-0.10099999999999999,0.00717,0.0,202002
51610,2020-02-29,-0.184,-0.0816,0.0,202002
51610,2020-03-07,-0.0964,-0.0901,0.0,202003
51610,2020-03-14,-0.39,-0.136,0.0,202003
51610,2020-03-21,-0.544,-0.287,0.0,202003
51610,2020-03-28,-0.6759999999999999,-0.49700000000000005,0.0,202003
51610,2020-04-04,-0.551,-0.488,0.0,202004
51610,2020-04-11,-0.685,-0.508,0.0,202004
51610,2020-04-18,-0.64,-0.484,0.0,202004
51610,2020-04-25,-0.634,-0.46399999999999997,2.5714285714285716,202004
51610,2020-05-02,-0.54,-0.44299999999999995,0.42857142857142855,202005
51610,2020-05-09,-0.7709999999999999,-0.413,1.2857142857142858,202005
51610,2020-05-16,-0.564,-0.38,0.14285714285714285,202005
51610,2020-05-23,-0.547,-0.41,1.0,202005
51610,2020-05-30,-0.585,-0.395,0.8571428571428571,202005
51610,2020-06-06,-0.537,-0.366,0.42857142857142855,202006
51610,2020-06-13,-0.524,-0.436,0.0,202006
51610,2020-06-20,-0.295,-0.366,0.0,202006
51610,2020-06-27,-0.289,-0.376,0.0,202006
51610,2020-07-04,-0.595,-0.27399999999999997,0.0,202007
51610,2020-07-11,-0.47,-0.37799999999999995,0.0,202007
51610,2020-07-18,-0.504,-0.363,0.0,202007
51610,2020-07-25,-0.505,-0.375,0.0,202007
51610,2020-08-01,-0.45299999999999996,-0.39,0.42857142857142855,202008
51610,2020-08-08,-0.5,-0.419,0.5714285714285714,202008
51610,2020-08-15,-0.53,-0.414,0.0,202008
51610,2020-08-22,-0.43,-0.379,0.0,202008
51610,2020-08-29,-0.494,-0.419,0.0,202008
51610,2020-09-05,-0.495,-0.39299999999999996,0.0,202009
51610,2020-09-12,-0.47,-0.34600000000000003,0.0,202009
51610,2020-09-19,-0.473,-0.384,0.0,202009
51610,2020-09-26,-0.526,-0.363,0.0,202009
51610,2020-10-03,-0.518,-0.381,0.0,202010
51610,2020-10-10,-0.479,-0.34700000000000003,0.0,202010
51610,2020-10-17,-0.48,-0.337,0.0,202010
51610,2020-10-24,-0.555,-0.386,0.0,202010
51610,2020-10-31,-0.498,-0.32299999999999995,0.0,202010
51610,2020-11-07,-0.569,-0.385,0.0,202011
51610,2020-11-14,-0.611,-0.397,0.42857142857142855,202011
51610,2020-11-21,-0.598,-0.41700000000000004,0.5714285714285714,202011
51610,2020-11-28,-0.5820000000000001,-0.465,1.4285714285714286,202011
51610,2020-12-05,-0.5579999999999999,-0.405,2.2857142857142856,202012
51610,2020-12-12,-0.506,-0.43,2.857142857142857,202012
51610,2020-12-19,-0.536,-0.442,2.4285714285714284,202012
51610,2020-12-26,-0.321,-0.366,2.142857142857143,202012
51610,2021-01-16,-0.542,-0.35600000000000004,2.2857142857142856,202101
51610,2021-01-23,-0.47,-0.308,5.285714285714286,202101
51610,2021-01-30,-0.46399999999999997,-0.348,4.857142857142857,202101
51683,2020-01-11,-0.305,-0.0323,0.0,202001
51683,2020-01-18,0.327,0.0495,0.0,202001
51683,2020-01-25,-0.0568,-0.0479,0.0,202001
51683,2020-02-01,0.0368,-0.0162,0.0,202002
51683,2020-02-08,-0.195,-0.0599,0.0,202002
51683,2020-02-15,0.225,-0.0916,0.0,202002
51683,2020-02-22,-0.127,0.0311,0.0,202002
51683,2020-02-29,-0.205,-0.0807,0.0,202002
51683,2020-03-07,-0.0377,-0.0521,0.0,202003
51683,2020-03-14,-0.262,-0.1,0.0,202003
51683,2020-03-21,-0.284,-0.135,0.0,202003
51683,2020-03-28,-0.424,-0.345,0.42857142857142855,202003
51683,2020-04-04,-0.523,-0.386,1.0,202004
51683,2020-04-11,-0.546,-0.43200000000000005,1.8571428571428572,202004
51683,2020-04-18,-0.41600000000000004,-0.35200000000000004,4.714285714285714,202004
51683,2020-04-25,-0.524,-0.35,8.857142857142858,202004
51683,2020-05-02,-0.493,-0.341,11.285714285714286,202005
51683,2020-05-09,-0.47700000000000004,-0.33,15.571428571428571,202005
51683,2020-05-16,-0.423,-0.34299999999999997,23.428571428571427,202005
51683,2020-05-23,-0.36200000000000004,-0.344,32.285714285714285,202005
51683,2020-05-30,-0.45299999999999996,-0.34600000000000003,34.57142857142857,202005
51683,2020-06-06,-0.33399999999999996,-0.273,30.0,202006
51683,2020-06-13,-0.47,-0.31,15.857142857142858,202006
51683,2020-06-20,-0.34,-0.27699999999999997,9.285714285714286,202006
51683,2020-06-27,-0.29600000000000004,-0.289,6.0,202006
51683,2020-07-04,-0.278,-0.205,5.285714285714286,202007
51683,2020-07-11,-0.415,-0.309,7.857142857142857,202007
51683,2020-07-18,-0.138,-0.262,5.428571428571429,202007
51683,2020-07-25,-0.387,-0.303,6.285714285714286,202007
51683,2020-08-01,-0.318,-0.276,6.428571428571429,202008
51683,2020-08-08,-0.40299999999999997,-0.258,4.857142857142857,202008
51683,2020-08-15,-0.312,-0.28600000000000003,7.285714285714286,202008
51683,2020-08-22,-0.392,-0.318,7.714285714285714,202008
51683,2020-08-29,-0.35700000000000004,-0.298,6.142857142857143,202008
51683,2020-09-05,-0.435,-0.294,6.142857142857143,202009
51683,2020-09-12,-0.32899999999999996,-0.314,4.0,202009
51683,2020-09-19,-0.32899999999999996,-0.321,4.142857142857143,202009
51683,2020-09-26,-0.233,-0.312,5.0,202009
51683,2020-10-03,-0.21,-0.311,3.2857142857142856,202010
51683,2020-10-10,-0.431,-0.301,5.0,202010
51683,2020-10-17,-0.38,-0.337,5.0,202010
51683,2020-10-24,-0.375,-0.293,3.0,202010
51683,2020-10-31,-0.37799999999999995,-0.316,3.857142857142857,202010
51683,2020-11-07,-0.324,-0.373,3.7142857142857144,202011
51683,2020-11-14,-0.434,-0.353,6.0,202011
51683,2020-11-21,-0.469,-0.35100000000000003,7.857142857142857,202011
51683,2020-11-28,-0.455,-0.37,11.142857142857142,202011
51683,2020-12-05,-0.332,-0.32299999999999995,12.571428571428571,202012
51683,2020-12-12,-0.48700000000000004,-0.355,16.285714285714285,202012
51683,2020-12-19,-0.489,-0.371,23.571428571428573,202012
51683,2020-12-26,-0.242,-0.27899999999999997,18.0,202012
51683,2021-01-16,-0.598,-0.33299999999999996,22.428571428571427,202101
51683,2021-01-23,-0.303,-0.37200000000000005,39.857142857142854,202101
51683,2021-01-30,-0.26899999999999996,-0.349,20.857142857142858,202101
